{
"N": {
"shape": [6, 1],
"data": [[0,0,-1.000000000000], [3,0,1.000000000000], ]
},
"Q": {
"shape": [1, 1],
"data": [[0,0,2.000000000000], ]
},
"Minv": {
"shape": [6, 6],
"data": [[0,0,1.000000000000], [1,1,1.000000000000], [2,2,2.000000000000], [3,3,1.000000000000], [4,4,1.000000000000], [5,5,2.000000000000], ]
},
"v0": {
"shape": [6, 1],
"data": [[0,0,0.500000000000], [1,0,0.000000000000], [2,0,0.000000000000], [3,0,-0.500000000000], [4,0,0.000000000000], [5,0,0.000000000000], ]
},
"b": {
"shape": [1, 1],
"data": [[0,0,-2.000000000000], ]
},
"ipopt_sol": {
"shape": [1, 1],
"data": [[0,0,1.000000000000], ]
},
"policy_sol": {
"shape": [1, 1],
"data": [[0,0,1.000000000000], ]
},
"ipopt_converges": true,
"policy_converges": true,
"policy_v2_converges": false,
"ipopt_time": 21,
"pi_time": 0,
"pi_v2_time": 0,
}
